Workbook

Sheet README
A1: 直流电桥与电阻测量实验数据处理
A2: 数据来源 | B2: 当前文件夹内手写实验记录照片；RB 的 ΔU 读作 0.143 mV，若原记录不是该值可在“惠斯通电桥”中直接修改。
A3: 惠斯通公式 | B3: Rx = (R1/R2) × R0
A4: A 类不确定度 | B4: ΔA = 2.48 × σ，n = 3
A5: B 类不确定度 | B5: 按电阻箱各十进位误差累加，并加残余电阻 0.020 Ω；取三次测量 ΔB 最大值。
A6: R0 合成不确定度 | B6: u_R0 = SQRT(ΔA^2 + ΔBmax^2)
A7: Rx 相对不确定度 | B7: u_rRx = SQRT(0.05%^2 + 0.05%^2 + u_rR0^2)
A8: 四端法拟合 | B8: 用最小二乘法拟合 U(mV) = R(Ω) × I(mA) + b，斜率即电阻 R。
A9: 电阻率 | B9: ρ = R × π(d/2)^2 / L，d 和 L 在公式中转换为 m。
A10: 有效数字 | B10: 最终结果按 PPT 要求保留：平均值有效数字充足，不确定度取 1 到 2 位，相对不确定度取 1 到 2 位。
A11: 输出说明 | B11: 所有主要派生量均保留为公式，便于检查和修改原始读数。

Sheet 结果汇总
A1: 项目 | B1: 对象 | C1: 最终结果 | D1: 相对不确定度 | E1: 拟合电阻 R/Ω | F1: 电阻率 ρ/(Ω·m) | G1: 备注
A2: 惠斯通电桥 | B2: RA | C2: =惠斯通电桥!O14 -> 110.02 ± 0.16 kΩ | D2: =惠斯通电桥!M14/100 -> 0.0014115229 | G2: R1/R2 = 100
A3: 惠斯通电桥 | B3: RB | C3: =惠斯通电桥!O15 -> 911.9 ± 1.2 Ω | D3: =惠斯通电桥!M15/100 -> 0.001271513 | G3: R1/R2 = 1
A4: 惠斯通电桥 | B4: RC | C4: =惠斯通电桥!O16 -> 50.93 ± 0.07 Ω | D4: =惠斯通电桥!M16/100 -> 0.0013550581 | G4: R1/R2 = 0.1
A6: 四端法 | B6: S-1 | E6: =四端法拟合!B3 -> 0.046371754 | F6: =四端法拟合!F3 -> 6.5668349e-07 | G6: d=0.506 mm, L=14.20 mm
A7: 四端法 | B7: S-2 | E7: =四端法拟合!B4 -> 0.029610867 | F7: =四端法拟合!F4 -> 4.2598373e-07 | G7: d=0.510 mm, L=14.20 mm
A8: 四端法 | B8: S-3 | E8: =四端法拟合!B5 -> 0.10050642 | F8: =四端法拟合!F5 -> 1.1357225e-06 | G8: d=0.452 mm, L=14.20 mm

Sheet 惠斯通电桥
A1: Rx | B1: 万用表粗测 | C1: R1 (Ω) | D1: R2 (Ω) | E1: R0-1 (Ω) | F1: R0-2 (Ω) | G1: R0-3 (Ω) | H1: I (mA) | I1: ΔR0 (Ω) | J1: ΔU (mV)
A2: RA | B2: 109.9 kΩ | C2: 10000 | D2: 100 | E2: 1100.3 | F2: 1100.4 | G2: 1099.9 | H2: 9.366 | I2: 0.1 | J2: 0.09
A3: RB | B3: 912.4 Ω | C3: 1000 | D3: 1000 | E3: 911.9 | F3: 911.9 | G3: 912 | H3: 5.451 | I3: 0.1 | J3: 0.14
A4: RB-交换法 | E4: 912.1 | F4: 912.1 | G4: 912.2
A5: RC | B5: 51.15 Ω | C5: 100 | D5: 1000 | E5: 509.2 | F5: 509.3 | G5: 509.3 | H5: 17.79 | I5: 0.1 | J5: 0.11
A7: Rx | B7: R0平均 (Ω) | C7: σ (Ω) | D7: ΔA (Ω) | E7: ΔB1 (Ω) | F7: ΔB2 (Ω) | G7: ΔB3 (Ω) | H7: ΔBmax (Ω) | I7: u_R0 (Ω) | J7: u_rR0 (%) | K7: R1/R2 | L7: Rx平均 (Ω) | M7: u_rRx (%) | N7: u_Rx (Ω) | O7: 最终表示
A14: RA | B14: =AVERAGE(E2:G2) -> 1100.2 | C14: =_xlfn.STDEV.S(E2:G2) -> 0.26457513 | D14: =2.48*C14 -> 0.65614633 | E14: =INT(E2/10000)*10000*0.1%+INT(MOD(E2,10000)/1000)*1000*0.1%+INT(MOD(E2,1000)/100)*100*0.1%+INT(MOD(E2,100)/10)*10*0.1%+INT(MOD(E2,10)/1)*1*0.5%+MOD(E2,1)*2%+0.02 -> 1.126 | F14: =INT(F2/10000)*10000*0.1%+INT(MOD(F2,10000)/1000)*1000*0.1%+INT(MOD(F2,1000)/100)*100*0.1%+INT(MOD(F2,100)/10)*10*0.1%+INT(MOD(F2,10)/1)*1*0.5%+MOD(F2,1)*2%+0.02 -> 1.128 | G14: =INT(G2/10000)*10000*0.1%+INT(MOD(G2,10000)/1000)*1000*0.1%+INT(MOD(G2,1000)/100)*100*0.1%+INT(MOD(G2,100)/10)*10*0.1%+INT(MOD(G2,10)/1)*1*0.5%+MOD(G2,1)*2%+0.02 -> 1.173 | H14: =MAX(E14:G14) -> 1.173 | I14: =SQRT(D14^2+H14^2) -> 1.344045 | J14: =I14/B14*100 -> 0.1221637 | K14: =C2/D2 -> 100 | L14: =B14*K14 -> 110020 | M14: =SQRT(0.05%^2+0.05%^2+(J14/100)^2)*100 -> 0.14115229 | N14: =L14*(M14/100) -> 155.29575 | O14: =TEXT(L14/1000,"0.00")&" ± "&TEXT(N14/1000,"0.00")&" kΩ" -> 110.02 ± 0.16 kΩ
A15: RB | B15: =AVERAGE(E3:G3) -> 911.93333 | C15: =_xlfn.STDEV.S(E3:G3) -> 0.057735027 | D15: =2.48*C15 -> 0.14318287 | E15: =INT(E3/10000)*10000*0.1%+INT(MOD(E3,10000)/1000)*1000*0.1%+INT(MOD(E3,1000)/100)*100*0.1%+INT(MOD(E3,100)/10)*10*0.1%+INT(MOD(E3,10)/1)*1*0.5%+MOD(E3,1)*2%+0.02 -> 0.953 | F15: =INT(F3/10000)*10000*0.1%+INT(MOD(F3,10000)/1000)*1000*0.1%+INT(MOD(F3,1000)/100)*100*0.1%+INT(MOD(F3,100)/10)*10*0.1%+INT(MOD(F3,10)/1)*1*0.5%+MOD(F3,1)*2%+0.02 -> 0.953 | G15: =INT(G3/10000)*10000*0.1%+INT(MOD(G3,10000)/1000)*1000*0.1%+INT(MOD(G3,1000)/100)*100*0.1%+INT(MOD(G3,100)/10)*10*0.1%+INT(MOD(G3,10)/1)*1*0.5%+MOD(G3,1)*2%+0.02 -> 0.94 | H15: =MAX(E15:G15) -> 0.953 | I15: =SQRT(D15^2+H15^2) -> 0.96369618 | J15: =I15/B15*100 -> 0.10567617 | K15: =C3/D3 -> 1 | L15: =B15*K15 -> 911.93333 | M15: =SQRT(0.05%^2+0.05%^2+(J15/100)^2)*100 -> 0.1271513 | N15: =L15*(M15/100) -> 1.1595351 | O15: =TEXT(L15,"0.0")&" ± "&TEXT(N15,"0.0")&" Ω" -> 911.9 ± 1.2 Ω
A16: RC | B16: =AVERAGE(E5:G5) -> 509.26667 | C16: =_xlfn.STDEV.S(E5:G5) -> 0.057735027 | D16: =2.48*C16 -> 0.14318287 | E16: =INT(E5/10000)*10000*0.1%+INT(MOD(E5,10000)/1000)*1000*0.1%+INT(MOD(E5,1000)/100)*100*0.1%+INT(MOD(E5,100)/10)*10*0.1%+INT(MOD(E5,10)/1)*1*0.5%+MOD(E5,1)*2%+0.02 -> 0.569 | F16: =INT(F5/10000)*10000*0.1%+INT(MOD(F5,10000)/1000)*1000*0.1%+INT(MOD(F5,1000)/100)*100*0.1%+INT(MOD(F5,100)/10)*10*0.1%+INT(MOD(F5,10)/1)*1*0.5%+MOD(F5,1)*2%+0.02 -> 0.571 | G16: =INT(G5/10000)*10000*0.1%+INT(MOD(G5,10000)/1000)*1000*0.1%+INT(MOD(G5,1000)/100)*100*0.1%+INT(MOD(G5,100)/10)*10*0.1%+INT(MOD(G5,10)/1)*1*0.5%+MOD(G5,1)*2%+0.02 -> 0.571 | H16: =MAX(E16:G16) -> 0.571 | I16: =SQRT(D16^2+H16^2) -> 0.58867846 | J16: =I16/B16*100 -> 0.11559336 | K16: =C5/D5 -> 0.1 | L16: =B16*K16 -> 50.926667 | M16: =SQRT(0.05%^2+0.05%^2+(J16/100)^2)*100 -> 0.13550581 | N16: =L16*(M16/100) -> 0.069008594 | O16: =TEXT(L16,"0.00")&" ± "&TEXT(N16,"0.00")&" Ω" -> 50.93 ± 0.07 Ω
A20: 灵敏度计算
A21: Rx | B21: ΔU/(ΔR0/R0) | C21: ΔU (mV) | D21: ΔR0/R0
A22: RA | B22: =J2/(I2/B14) -> 990.18 | C22: =J2 -> 0.09 | D22: =I2/B14 -> 9.0892565e-05
A23: RB | B23: =J3/(I3/B15) -> 1276.7067 | C23: =J3 -> 0.14 | D23: =I3/B15 -> 0.00010965714
A24: RC | B24: =J5/(I5/B16) -> 560.19333 | C24: =J5 -> 0.11 | D24: =I5/B16 -> 0.00019636078

Sheet 四端法原始数据
A1: 样品 | B1: 点号 | C1: I (mA) | D1: U (mV) | E1: 直径 d (mm) | F1: 长度 L (mm)
A2: S-1 | B2: 0 | C2: 0 | D2: 0 | E2: 0.506 | F2: 14.2
A3: S-1 | B3: 1 | C3: 10.03 | D3: 0.46 | E3: 0.506 | F3: 14.2
A4: S-1 | B4: 2 | C4: 20.09 | D4: 0.92 | E4: 0.506 | F4: 14.2
A5: S-1 | B5: 3 | C5: 29.99 | D5: 1.38 | E5: 0.506 | F5: 14.2
A6: S-1 | B6: 4 | C6: 39.98 | D6: 1.85 | E6: 0.506 | F6: 14.2
A7: S-1 | B7: 5 | C7: 50.09 | D7: 2.28 | E7: 0.506 | F7: 14.2
A8: S-1 | B8: 6 | C8: 60.02 | D8: 2.76 | E8: 0.506 | F8: 14.2
A9: S-1 | B9: 7 | C9: 70.01 | D9: 3.32 | E9: 0.506 | F9: 14.2
A10: S-1 | B10: 8 | C10: 80 | D10: 3.69 | E10: 0.506 | F10: 14.2
A11: S-1 | B11: 9 | C11: 89.99 | D11: 4.16 | E11: 0.506 | F11: 14.2
A12: S-1 | B12: 10 | C12: 100.03 | D12: 4.62 | E12: 0.506 | F12: 14.2
A13: S-2 | B13: 0 | C13: 0 | D13: 0 | E13: 0.51 | F13: 14.2
... A34: S-3 | B34: 10 | C34: 99.98 | D34: 10.05 | E34: 0.452 | F34: 14.2

Sheet 四端法拟合
A1: 样品 | B1: 拟合电阻 R/Ω | C1: 截距 b/mV | D1: R² | E1: 横截面积 S/m² | F1: 电阻率 ρ/(Ω·m) | G1: 拟合方程
A3: S-1 | B3: =SLOPE(四端法原始数据!D2:D12,四端法原始数据!C2:C12) -> 0.046371754 | C3: =INTERCEPT(四端法原始数据!D2:D12,四端法原始数据!C2:C12) -> -0.0068300324 | D3: =RSQ(四端法原始数据!D2:D12,四端法原始数据!C2:C12) -> 0.99964262 | E3: =PI()*(四端法原始数据!E2/1000)^2/4 -> 2.010902e-07 | F3: =B3*E3/(四端法原始数据!F2/1000) -> 6.5668349e-07 | G3: ="U = "&TEXT(B3,"0.00000")&" I "&IF(C3>=0,"+ ","- ")&TEXT(ABS(C3),"0.00000") -> U = 0.04637 I - 0.00683
A4: S-2 | B4: =SLOPE(四端法原始数据!D13:D23,四端法原始数据!C13:C23) -> 0.029610867 | C4: =INTERCEPT(四端法原始数据!D13:D23,四端法原始数据!C13:C23) -> -0.0013447763 | D4: =RSQ(四端法原始数据!D13:D23,四端法原始数据!C13:C23) -> 0.99990025 | E4: =PI()*(四端法原始数据!E13/1000)^2/4 -> 2.0428206e-07 | F4: =B4*E4/(四端法原始数据!F13/1000) -> 4.2598373e-07 | G4: ="U = "&TEXT(B4,"0.00000")&" I "&IF(C4>=0,"+ ","- ")&TEXT(ABS(C4),"0.00000") -> U = 0.02961 I - 0.00134
A5: S-3 | B5: =SLOPE(四端法原始数据!D24:D34,四端法原始数据!C24:C34) -> 0.10050642 | C5: =INTERCEPT(四端法原始数据!D24:D34,四端法原始数据!C24:C34) -> 0.00039835 | D5: =RSQ(四端法原始数据!D24:D34,四端法原始数据!C24:C34) -> 0.99999885 | E5: =PI()*(四端法原始数据!E24/1000)^2/4 -> 1.6045999e-07 | F5: =B5*E5/(四端法原始数据!F24/1000) -> 1.1357225e-06 | G5: ="U = "&TEXT(B5,"0.00000")&" I "&IF(C5>=0,"+ ","- ")&TEXT(ABS(C5),"0.00000") -> U = 0.10051 I + 0.00040
A8: I (mA) | B8: S-1 实测 | C8: S-1 拟合 | D8: S-2 实测 | E8: S-2 拟合 | F8: S-3 实测 | G8: S-3 拟合
A9: =四端法原始数据!C2 -> 0 | B9: =四端法原始数据!D2 -> 0 | C9: =$B$3*A9+$C$3 -> -0.0068300324 | D9: =四端法原始数据!D13 -> 0 | E9: =$B$4*A9+$C$4 -> -0.0013447763 | F9: =四端法原始数据!D24 -> 0 | G9: =$B$5*A9+$C$5 -> 0.00039835
A10: =四端法原始数据!C3 -> 10.03 | B10: =四端法原始数据!D3 -> 0.46 | C10: =$B$3*A10+$C$3 -> 0.45827866 | D10: =四端法原始数据!D14 -> 0.3 | E10: =$B$4*A10+$C$4 -> 0.29565222 | F10: =四端法原始数据!D25 -> 1.01 | G10: =$B$5*A10+$C$5 -> 1.0084778
A11: =四端法原始数据!C4 -> 20.09 | B11: =四端法原始数据!D4 -> 0.92 | C11: =$B$3*A11+$C$3 -> 0.92477851 | D11: =四端法原始数据!D15 -> 0.58 | E11: =$B$4*A11+$C$4 -> 0.59353755 | F11: =四端法原始数据!D26 -> 2.02 | G11: =$B$5*A11+$C$5 -> 2.0195724
A12: =四端法原始数据!C5 -> 29.99 | B12: =四端法原始数据!D5 -> 1.38 | C12: =$B$3*A12+$C$3 -> 1.3838589 | D12: =四端法原始数据!D16 -> 0.89 | E12: =$B$4*A12+$C$4 -> 0.88668513 | F12: =四端法原始数据!D27 -> 3.01 | G12: =$B$5*A12+$C$5 -> 3.0145859
A13: =四端法原始数据!C6 -> 39.98 | B13: =四端法原始数据!D6 -> 1.85 | C13: =$B$3*A13+$C$3 -> 1.8471127 | D13: =四端法原始数据!D17 -> 1.18 | E13: =$B$4*A13+$C$4 -> 1.1824977 | F13: =四端法原始数据!D28 -> 4.02 | G13: =$B$5*A13+$C$5 -> 4.0186451
A14: =四端法原始数据!C7 -> 50.09 | B14: =四端法原始数据!D7 -> 2.28 | C14: =$B$3*A14+$C$3 -> 2.3159311 | D14: =四端法原始数据!D18 -> 1.48 | E14: =$B$4*A14+$C$4 -> 1.4818636 | F14: =四端法原始数据!D29 -> 5.02 | G14: =$B$5*A14+$C$5 -> 5.034765
A15: =四端法原始数据!C8 -> 60.02 | B15: =四端法原始数据!D8 -> 2.76 | C15: =$B$3*A15+$C$3 -> 2.7764027 | D15: =四端法原始数据!D19 -> 1.77 | E15: =$B$4*A15+$C$4 -> 1.7758995 | F15: =四端法原始数据!D30 -> 6.04 | G15: =$B$5*A15+$C$5 -> 6.0327938
A16: =四端法原始数据!C9 -> 70.01 | B16: =四端法原始数据!D9 -> 3.32 | C16: =$B$3*A16+$C$3 -> 3.2396565 | D16: =四端法原始数据!D20 -> 2.1 | E16: =$B$4*A16+$C$4 -> 2.071712 | F16: =四端法原始数据!D31 -> 7.04 | G16: =$B$5*A16+$C$5 -> 7.0368529
A17: =四端法原始数据!C10 -> 80 | B17: =四端法原始数据!D10 -> 3.69 | C17: =$B$3*A17+$C$3 -> 3.7029103 | D17: =四端法原始数据!D21 -> 2.36 | E17: =$B$4*A17+$C$4 -> 2.3675246 | F17: =四端法原始数据!D32 -> 8.04 | G17: =$B$5*A17+$C$5 -> 8.0409121
A18: =四端法原始数据!C11 -> 89.99 | B18: =四端法原始数据!D11 -> 4.16 | C18: =$B$3*A18+$C$3 -> 4.1661641 | D18: =四端法原始数据!D22 -> 2.66 | E18: =$B$4*A18+$C$4 -> 2.6633372 | F18: =四端法原始数据!D33 -> 9.05 | G18: =$B$5*A18+$C$5 -> 9.0449713
A19: =四端法原始数据!C12 -> 100.03 | B19: =四端法原始数据!D12 -> 4.62 | C19: =$B$3*A19+$C$3 -> 4.6317365 | D19: =四端法原始数据!D23 -> 2.95 | E19: =$B$4*A19+$C$4 -> 2.9606303 | F19: =四端法原始数据!D34 -> 10.05 | G19: =$B$5*A19+$C$5 -> 10.054056
